{"type": "block", "layer": 0, "block": 0, "features": [{"geom": {"polygons": [[[[-15.63309963257052, -56.575962480157614], [-24.300099628511816, -58.015962480567396], [-38.64009962230921, -60.37896247860044], [-39.850099621806294, -60.61496248096228], [-41.036099621327594, -60.95596248097718], [-42.18709962093271, -61.39896248281002], [-43.29609961993992, -61.93996248207986], [-44.35409962013364, -62.5749624799937], [-45.35209961910732, -63.298962481319904], [-46.28409961890429, -64.10796247888356], [-47.14209961891174, -64.9939624806866], [-47.92009961837903, -65.95096247829497], [-48.6110996180214, -66.97296248096973], [-49.21209961804561, -68.04996248148382], [-49.71609961776994, -69.17596248164773], [-50.12109961733222, -70.34096247889102], [-50.42309961724095, -71.5369624812156], [-50.60709961713292, -72.69896247889847], [-50.7040996174328, -73.8719624793157], [-50.714099616976455, -75.04796247929335], [-50.67009961721487, -85.73996247537434], [-50.645099616842344, -92.00296248029917], [-50.615099617047235, -99.32096247933805], [-65.29609961109236, -108.31596247851849], [-69.95509960898198, -93.26896247733384], [-73.91309960745275, -79.79596248175949], [-74.52709960681386, -78.22396248020232], [-75.65109960641712, -75.93296247906983], [-80.33909960463643, -68.24696248024702], [-88.31009960151277, -55.000962481833994], [-85.29409960261546, -46.236962483264506], [-82.91009960393421, -41.49996248167008], [-82.36209960374981, -40.64696248155087], [-81.73809960437939, -39.832962482236326], [-79.15709960553795, -37.03096248395741], [-59.21609961334616, -24.97196248639375], [-58.50309961405583, -22.492962484247983], [-59.8940996134188, -20.255962485447526], [-66.54809961072169, -24.358962486498058], [-76.32209960673936, -30.384962482377887], [-85.08109960262664, -35.78696248307824], [-90.56009960058145, -27.041962482966483], [-93.61309959972277, -22.16796248499304], [-94.32309959898703, -21.033962484449148], [-97.25909959734417, -16.34796248562634], [-99.76109959697351, -12.354962485842407], [-91.10809960053302, -7.038962486200035], [-63.99909961200319, 9.619037514552474], [-61.62209961307235, 5.645037514157593], [-59.26809961372055, 1.7090375125408173], [-49.501099618151784, -13.847962484695017], [-56.14109961502254, -17.94196248240769], [-54.7140996158123, -20.235962487757206], [-52.17909961682744, -20.716962482780218], [-48.39709961810149, -18.428962484933436], [-47.33109961869195, -18.018962484784424], [-46.14909961889498, -17.74696248397231], [-45.13809961988591, -17.576962484046817], [-44.12809961987659, -17.490962483920157], [-38.82609962206334, -17.601962484419346], [-38.7440996223595, -16.308962485753], [-37.79509962280281, -1.326962485909462], [-37.65209962311201, 0.15203751157969236], [-37.25609962339513, 2.3610375123098493], [-36.73009962355718, 4.571037513203919], [-35.98709962377325, 6.665037513710558], [-35.06209962442517, 8.75903751514852], [-34.07809962448664, 10.517037513665855], [-33.15609962516464, 11.999037513509393], [-31.957099625840783, 13.564037514850497], [-30.759099625982344, 14.87303751334548], [-14.905099632916972, 31.505037509836257], [-11.159099634271115, 35.837037509307265], [-5.045099637005478, 25.514037509448826], [-7.666099635884166, 19.746037512086332], [-19.149099630769342, -8.36096248589456], [-21.651099629933015, -14.490962485782802], [-23.02109962934628, -17.832962485030293], [-23.388099629199132, -18.72896248474717], [-23.794099628925323, -19.84096248447895], [-24.101099628722295, -20.98396248370409], [-24.308099628658965, -22.14996248204261], [-24.41409962833859, -23.329962483607233], [-24.416099628899246, -24.51396248769015], [-24.316099628573284, -25.692962486296892], [-24.114099628524855, -26.859962485730648], [-23.811099628917873, -28.004962482489645], [-23.410099629079923, -29.118962480686605], [-22.915099629433826, -30.19396248459816], [-22.327099629445, -31.221962485462427], [-11.95409963419661, -39.52396248281002], [-9.931099634384736, -41.142962481826544], [-10.889099633786827, -55.791962480172515], [-15.63309963257052, -56.575962480157614]]]], "centroids": [[-51.82815544959158, -35.07627172861248, 0.0]], "h": 9.39}, "mtl": {"idx": 0}}], "featureCount": 1, "startIndex": 0}